"Area","Perim.","Major","Minor","Circ","AR","Round","cluster","predicted_class","prediction_confidence"
595636.5132,3316.1227,947.3547,800.5322,0.680659630477553,1.18340611408261,0.845018449794992,1,"Background",0.514
636634.231,3116.1662,998.4772,811.8241,0.823869878974538,1.2299181559158,0.813062231165619,1,"Background",0.55
722815.6198,3440.8702,999.9856,920.3307,0.767186254192542,1.08655030197298,0.920343952952922,2,"Background",0.77
628385.4409,3291.5191,1030.3844,776.492,0.728858493754184,1.32697361981836,0.753594483767417,1,"Background",0.93
844044.1068,4504.3369,1093.1176,983.1242,0.522773150338224,1.11188148964292,0.89937642573864,1,"Background",0.65
860008.1831,3846.5131,1093.8597,1001.0392,0.73042901419286,1.0927241410726,0.915144053666115,2,"Background",0.876
819502.9304,3631.1232,1101.3215,947.4286,0.781049225903194,1.16243218750205,0.860265235900688,2,"Background",0.776
836369.8593,3725.3162,1104.3242,964.2994,0.757324410639751,1.14520884281376,0.87320317711049,2,"Background",0.806
892716.0721,3940.8166,1105.9341,1027.7659,0.722355144235262,1.07605642491155,0.929319296692271,2,"Background",0.882
827546.5267,3855.527,1106.2202,952.4912,0.699575814278227,1.16139676671029,0.861032188708903,2,"Background",0.772
897558.6454,3832.4778,1114.5696,1025.335,0.767915445356226,1.08702970248748,0.919938063984519,2,"Background",0.87
922551.2482,3942.1043,1123.2042,1045.7838,0.746009131602894,1.07403098039958,0.931071838940773,2,"Background",0.858
843100.2154,3978.343,1126.041,953.3122,0.669398317606078,1.18118807249084,0.84660523018256,2,"Background",0.75
896943.0641,3837.141,1126.2961,1013.9637,0.765524727678772,1.1107854255532,0.900263882650397,2,"Background",0.88
851759.3931,3873.6463,1135.4548,955.1184,0.713324054661491,1.18881051815147,0.84117694513247,2,"Background",0.826
836410.8981,3782.783,1142.6088,932.0351,0.734525182285526,1.22592893765482,0.815707965840977,3,"Background",0.672
866984.7717,3744.9899,1142.7716,965.9667,0.776819344258931,1.18303415635342,0.845284132017281,2,"Background",0.864
880568.6002,3894.341,1148.2728,976.4011,0.729634070300068,1.17602571320331,0.850321543800393,2,"Background",0.904
982796.1428,4179.5871,1149.7376,1088.3656,0.706979054375135,1.05638913982581,0.946620863751868,1,"Background",0.616
940444.146,3947.1446,1151.9741,1039.4423,0.758537049640546,1.10826170918771,0.902313949593137,2,"Background",0.802
887586.2276,5024.978,1154.0908,979.221,0.441725111890537,1.17858052472322,0.848478299974318,1,"Background",0.612
893290.6147,5019.1376,1156.4737,983.4836,0.445599229313279,1.17589525641302,0.850415880620545,1,"Background",0.608
905397.0479,4027.0168,1159.5269,994.1876,0.701587843453106,1.16630593662605,0.857407965265834,2,"Background",0.888
896409.5602,3956.2043,1160.9775,983.0889,0.719712295768337,1.18094864055529,0.846776875520843,2,"Background",0.914
858571.8266,3881.5287,1162.0622,940.7135,0.716111905443591,1.23529873867017,0.809520781245617,3,"Background",0.8
869898.5235,3725.3162,1167.6564,948.5575,0.787684275444127,1.23098114769005,0.812360125804132,3,"Background",0.822
860787.9195,3768.1496,1170.915,936.0109,0.761815411997308,1.25096299626425,0.799384156834612,3,"Background",0.82
875151.4843,3824.9725,1174.8211,948.4657,0.751686003215502,1.23865428133036,0.807327771011263,3,"Background",0.864
866984.7717,3821.2199,1175.8374,938.8027,0.746134758162874,1.25248617201463,0.798412008327002,3,"Background",0.868
884590.3983,3823.4181,1176.2308,957.5464,0.760411194105686,1.22837995109167,0.81408036586017,3,"Background",0.858
931333.5421,3910.6393,1176.3812,1008.0157,0.765278632758399,1.16702666436644,0.856878450624678,2,"Background",0.904
877736.926,3915.8359,1179.4991,947.4949,0.719325184976465,1.24486063196752,0.803302774881303,3,"Background",0.914
872771.2364,4457.5946,1179.673,941.9957,0.551961964506177,1.25231251055605,0.798522726213112,1,"Background",0.658
902031.8699,3933.6885,1180.3409,973.0262,0.73254079210173,1.2130617860033,0.824360318277542,4,"Background",0.896
904247.9627,3855.9041,1182.0703,973.9897,0.764266730980961,1.21363737214059,0.823969352753385,4,"Background",0.868
966175.4464,4057.415,1185.3098,1037.8492,0.73750844837244,1.14208287678017,0.875593199347546,2,"Background",0.804
887914.5376,3791.9531,1185.7713,953.4114,0.775988198184824,1.24371420354319,0.804043241727979,3,"Background",0.896
965231.555,4096.7624,1186.9086,1035.4386,0.722702940054173,1.14628583481435,0.872382759717134,2,"Background",0.772
873550.9728,3801.5462,1187.1834,936.8726,0.759587081705002,1.26717698863218,0.789155744596833,3,"Background",0.858
869529.1747,3834.0322,1187.2948,932.4718,0.743331453877614,1.27327689695281,0.78537512334763,3,"Background",0.864
957146.92,3999.0377,1189.8344,1024.2411,0.752103264026033,1.16167414098106,0.860826599062861,2,"Background",0.86
912496.7528,4017.157,1189.8507,976.4477,0.710564622411614,1.21855036373172,0.820647245910768,4,"Background",0.886
919924.7678,3893.4305,1190.0176,984.2582,0.76260091579937,1.2090502268612,0.827095498419519,4,"Background",0.884
877942.1198,3845.2901,1190.4766,938.9774,0.746135200845527,1.26784372020029,0.788740744673184,3,"Background",0.892
919965.8065,3953.3622,1191.0036,983.4872,0.73968760082383,1.21100061088746,0.825763414988838,4,"Background",0.906
877860.0422,4662.7019,1193.8114,936.2669,0.507410960735102,1.27507594255441,0.784267012360579,1,"Background",0.554
905848.4742,4295.8084,1194.0117,965.9554,0.616844384419792,1.23609402670144,0.808999945310419,1,"Background",0.744
893577.886,3919.3218,1194.433,952.5346,0.731005139179991,1.2539523498674,0.797478468863469,3,"Background",0.944
896819.9478,3855.9041,1196.4673,954.3651,0.757988602746809,1.25367880698907,0.797652472407729,3,"Background",0.924
901744.5986,3876.4884,1196.8724,959.2809,0.754078287551382,1.24767667113981,0.80148969931966,3,"Background",0.934
923618.2558,4417.3366,1197.6733,981.8932,0.594814278359474,1.21975923654426,0.819833922990518,1,"Background",0.724
884056.8945,3873.3796,1199.1044,938.7141,0.740474245049593,1.27739042164169,0.782846014075171,3,"Background",0.894
925793.3099,3951.5411,1200.2342,982.1055,0.745059394829419,1.22210312435884,0.818261552620314,4,"Background",0.918
983575.8792,4166.7748,1200.4978,1043.1737,0.711897841036382,1.1508129470672,0.868950946848882,2,"Background",0.744
909172.6135,4173.6362,1201.7656,963.2448,0.655883987149732,1.24762220361844,0.801524690006104,5,"Background",0.824
928173.5578,3958.4025,1201.9429,983.2308,0.744387636678528,1.22244227906612,0.818034533920039,4,"Background",0.92
916477.5122,3901.2025,1202.7152,970.2176,0.756719088568003,1.23963449024219,0.806689397456688,3,"Background",0.906
890499.9793,3806.2093,1203.0701,942.4386,0.772428777796515,1.27655011159348,0.783361335303737,3,"Background",0.914
961497.0282,4672.5616,1203.3502,1017.3398,0.553410938768753,1.18283999112194,0.845422886870339,1,"Background",0.69
891525.9482,3971.4815,1203.5113,943.1786,0.710295011075887,1.27601633455212,0.783689027265469,3,"Background",0.904
930266.5344,4054.9501,1204.6805,983.2086,0.710961745666232,1.22525423394384,0.816157147060984,4,"Background",0.898
1005203.304,4090.2782,1204.7025,1062.3906,0.755019340093355,1.13395440434055,0.881869673218077,2,"Background",0.722
937448.3168,4031.5237,1204.8809,990.6342,0.724800965548081,1.21627226275854,0.822184333737882,4,"Background",0.898
910526.8925,3940.1728,1205.0732,962.0319,0.737007833650316,1.25263330665023,0.798318226643825,3,"Background",0.954
934165.2163,3936.5306,1206.4339,985.8942,0.757541261584267,1.22369509831785,0.817197030023775,4,"Background",0.894
899036.0406,3938.085,1206.8069,948.5264,0.728478593755717,1.27229658552466,0.785980259145021,3,"Background",0.944
908228.7221,3918.4113,1207.3502,957.794,0.743335810545099,1.26055310432097,0.793302556292284,3,"Background",0.956
923618.2558,4157.338,1207.9158,973.5672,0.671539715702058,1.24071127293524,0.805989291637712,4,"Background",0.828
895014.2425,4119.9221,1208.5566,942.9161,0.66261582163784,1.28172230806113,0.780200199146652,5,"Background",0.82
918693.6051,3929.6692,1208.5901,967.836,0.747598758391451,1.24875505767506,0.800797557418351,3,"Background",0.95
925136.6898,3911.5498,1208.8238,974.4354,0.759832807403207,1.2405376487759,0.806102096930918,4,"Background",0.912
922838.5195,4167.3082,1210.0109,971.0611,0.667766052109645,1.24607081881871,0.802522605374877,4,"Background",0.83
911306.6289,3954.6499,1210.7382,958.3506,0.732248194249921,1.26335622892081,0.791542382985851,3,"Background",0.956
898051.1105,3769.3268,1210.8284,944.3404,0.794297752281844,1.28219485261882,0.77991266144732,3,"Background",0.926
916641.6672,3882.1726,1211.273,963.5354,0.764292818245462,1.25711312734332,0.795473357368653,3,"Background",0.928
907859.3733,3885.9252,1212.4165,953.4038,0.755508878894018,1.27167156245863,0.786366566274873,3,"Background",0.924
932523.666,4140.2397,1213.0825,978.7678,0.683626289429377,1.23939763854103,0.806843557631076,4,"Background",0.804
920663.4654,4172.3485,1213.4152,966.0544,0.664583601709623,1.25605266121659,0.796144963405766,5,"Background",0.846
956038.8736,4005.2553,1213.5069,1003.0981,0.748902030335142,1.20975894580999,0.826610957053479,4,"Background",0.892
891525.9482,4022.0869,1214.0076,935.0239,0.692533765354922,1.29837066196918,0.770196084439669,5,"Background",0.836
895055.2813,3950.5201,1214.2557,938.5336,0.720694440512375,1.2937796792784,0.772929128518812,3,"Background",0.886
933057.1699,3959.9569,1214.8984,977.8639,0.747716906095096,1.24240029721928,0.804893561469831,4,"Background",0.918
898789.8081,3853.7059,1215.0961,941.7977,0.760520398828401,1.29018800959059,0.775080835170156,3,"Background",0.87
879788.8638,3857.8357,1215.8082,921.3476,0.742849557694391,1.31959772837092,0.757806700102862,6,"Background",0.814
1021085.303,4571.3509,1217.2028,1068.0933,0.614020358139039,1.13960344101026,0.877498227904175,1,"Background",0.498
887093.7625,3960.8675,1217.2136,927.9249,0.710556735500234,1.31175874254479,0.762335304173401,6,"Background",0.826
959732.3616,4134.666,1218.3685,1002.9553,0.705470954179189,1.21477846520179,0.823195363307571,4,"Background",0.848
917626.5974,3889.034,1218.3792,958.9449,0.762416658905224,1.27054140441229,0.787066046432835,3,"Background",0.932
919268.1476,3964.3534,1219.0235,960.1525,0.735033869402812,1.26961446228594,0.787640681250197,3,"Background",0.954
926080.5812,3938.085,1219.3957,966.9727,0.750392474863207,1.26104459826012,0.792993365484231,3,"Background",0.956
929733.0306,3874.6673,1219.4491,970.744,0.778214447708854,1.25620050188309,0.796051266100406,3,"Background",0.92
943645.1691,3957.492,1220.2979,984.5844,0.757144014961288,1.23940405718392,0.806839379138487,4,"Background",0.896
925752.2712,4036.8307,1220.4008,965.8339,0.713877309616558,1.26357213181273,0.791407134443045,3,"Background",0.948
913933.1093,3818.3778,1220.843,953.1576,0.78771022361237,1.28084065006668,0.780737244674377,3,"Background",0.932
916969.9773,3908.441,1220.9888,956.2106,0.754323885424136,1.2769036444482,0.783144448171842,3,"Background",0.93
897558.6454,3869.3603,1221.2131,935.7966,0.753345772642393,1.30499843662608,0.766284442903536,3,"Background",0.878
958706.3927,4133.3783,1221.5233,999.2956,0.705155953713797,1.2223843475344,0.818073302408558,4,"Background",0.842
924644.2248,3929.9359,1222.5584,962.9753,0.752339028425937,1.26956361186003,0.787672228991269,3,"Background",0.946
917626.5974,3954.0061,1223.233,955.1397,0.737566507065132,1.2806849092337,0.780832188144041,3,"Background",0.936
947831.1222,4058.7027,1223.4356,986.4157,0.723046699349247,1.24028398980268,0.806266958391598,4,"Background",0.902
972208.1436,5220.115,1223.8071,1011.4779,0.448341537925015,1.20991976196415,0.826501088284257,1,"Background",0.568
947954.2385,4050.2869,1224.1459,985.9714,0.726148863684823,1.24156329483796,0.805436182076009,4,"Background",0.908
906505.0943,4158.2485,1224.3133,942.7311,0.658808560945311,1.29868771699586,0.770008052677366,5,"Background",0.792
911142.4738,3860.5673,1224.6659,947.2809,0.768234666318032,1.29282232968067,0.77350149130469,3,"Background",0.886
918283.2175,3911.8165,1224.7406,954.6466,0.754101080140655,1.28292563970793,0.779468403350065,3,"Background",0.928
913645.838,3871.1814,1224.8624,949.7312,0.766126878695027,1.28969375756003,0.775377871016369,3,"Background",0.888
940936.6111,3987.1359,1225.174,977.851,0.743786263824526,1.25292503663646,0.798132346915622,4,"Background",0.932
936668.5804,3951.2744,1225.8759,972.8582,0.753913352412243,1.26007664837486,0.793602517187914,3,"Background",0.934
906176.7843,3910.7955,1226.0472,941.0568,0.744547795481811,1.30284080620851,0.767553484074675,3,"Background",0.898
925054.6123,3856.548,1226.2531,960.5,0.781591368579375,1.27668204060385,0.783280384775378,3,"Background",0.94
932195.356,3962.799,1226.3259,967.8569,0.745955137944753,1.267052908338,0.789233025250466,3,"Background",0.944
930184.4569,3992.1763,1226.5991,965.554,0.733431431970733,1.27035784637628,0.787179772103208,3,"Background",0.944
985833.0108,5406.3486,1227.2559,1022.7709,0.423843111886086,1.1999323602187,0.833380308051483,1,"Background",0.538
940813.4949,3949.3429,1227.3499,975.9898,0.757990419811368,1.25754377760915,0.795200944734668,3,"Background",0.936
945327.7581,4271.0943,1227.3856,980.6443,0.651199343657174,1.2516114150666,0.798970022134853,4,"Background",0.802
949513.7113,3920.6095,1227.4587,984.928,0.776254138663843,1.24624206033334,0.802412333710291,4,"Background",0.924
932687.8211,3974.9675,1227.4767,967.4603,0.741786637286855,1.26876182929677,0.788169991332626,3,"Background",0.94
878680.8174,3815.269,1227.4776,911.4392,0.758561299140048,1.34674655204648,0.74253020991992,6,"Background",0.826
938515.3245,4051.4641,1227.6342,973.3802,0.71850077751237,1.26120728570398,0.792891074556248,3,"Background",0.944
994369.0722,4071.1378,1227.9807,1031.0179,0.753921045595644,1.19103722641479,0.839604319514142,2,"Background",0.852
949103.3237,4009.6517,1228.4517,983.7065,0.741839681138944,1.24879900661427,0.800769374978275,4,"Background",0.918
935355.3402,3926.5604,1229.3219,968.771,0.762363208967962,1.26894993760135,0.788053153531227,3,"Background",0.934
927968.364,4414.1174,1231.0213,959.7933,0.598487763383173,1.28259001182859,0.779672374474755,1,"Background",0.736
914097.2643,3994.6412,1231.6725,944.9466,0.719857807559448,1.30343079704186,0.767206055181065,3,"Background",0.918
971592.5623,4014.0482,1232.8525,1003.421,0.757755119737603,1.22864929077625,0.813901906351328,4,"Background",0.89
935724.689,3966.4412,1234.0588,965.4335,0.747404849483129,1.27824319334268,0.782323743406716,3,"Background",0.938
940526.2236,4136.487,1234.0956,970.3585,0.690744515711652,1.27179346602312,0.786291191703463,5,"Background",0.832
912127.404,4128.3379,1234.5278,940.7294,0.67253500606965,1.31230915075047,0.762015565789608,5,"Background",0.83
908187.6834,3948.0552,1234.7506,936.4972,0.732181985781929,1.31847762064852,0.758450491945499,6,"Background",0.91
895670.8626,3973.0359,1234.8611,923.5076,0.713039077482414,1.33714232562894,0.747863545138801,6,"Background",0.858
919062.9539,3901.2025,1236.0436,946.7201,0.75885384153327,1.30560616596183,0.765927755299247,3,"Background",0.906
898297.343,3836.6076,1236.1399,925.2575,0.766893776894473,1.33599554718551,0.748505488739584,6,"Background",0.866
919391.2639,3955.2938,1236.2564,946.8952,0.738503809205622,1.30558946755671,0.765937551465861,3,"Background",0.926
945450.8744,4116.4362,1237.0243,973.13,0.701142115057218,1.27118093163298,0.786670075923327,5,"Background",0.876
942496.0839,3989.3342,1237.5023,969.7139,0.744198136329872,1.27615196605927,0.783605735520653,3,"Background",0.936
964985.3225,4264.8767,1237.5926,992.7802,0.666680284061276,1.2465927503389,0.802186600016839,4,"Background",0.798
908474.9547,3939.9061,1237.6416,934.6052,0.735446491054381,1.32424001064835,0.755150117772383,6,"Background",0.91
873592.0116,3807.497,1237.7041,898.6735,0.757250168142407,1.37725670112672,0.726081056045625,6,"Background",0.832
884590.3983,3878.42,1238.4949,909.4066,0.738996547918558,1.36187146651454,0.734283685786676,6,"Background",0.848
922140.8606,3791.576,1239.1781,947.4878,0.806060424847371,1.3078565233241,0.764609865200168,3,"Background",0.896
917257.2486,4606.3019,1239.2028,942.4512,0.54324560251111,1.31487211221122,0.760530237665699,1,"Background",0.638
925547.0774,4019.3553,1240.3796,950.0666,0.719938802168218,1.3055712094289,0.765948262934992,3,"Background",0.92
938679.4795,4003.057,1240.4038,963.528,0.736111562747897,1.28735625742065,0.776785753155545,3,"Background",0.912
943316.859,4083.6835,1240.4944,968.2174,0.710826007974003,1.28121473545094,0.78050928726482,5,"Background",0.918
897558.6454,3927.4709,1241.1773,920.7445,0.731217786267024,1.34801489446855,0.741831565885067,6,"Background",0.862
931743.9296,4170.417,1241.7775,955.3509,0.673205214840383,1.29981297971248,0.769341448045242,5,"Background",0.816
943193.7427,3948.699,1242.1356,966.8119,0.760155978362568,1.28477483572554,0.778346502587962,3,"Background",0.928
984437.6931,4094.0308,1242.3521,1008.9128,0.738067168253709,1.23137708234052,0.812098921070766,4,"Background",0.866
966011.2914,4018.4447,1242.3626,990.0199,0.751754565857937,1.25488649268565,0.79688482251478,4,"Background",0.938
939992.7197,4088.9905,1242.8386,962.9858,0.706483707543331,1.29060947731524,0.774827720992895,5,"Background",0.868
947913.1997,3959.6902,1243.6218,970.4884,0.759724299590284,1.28143911869529,0.780372618106244,3,"Background",0.916
948487.7423,3893.1638,1244.3009,970.5467,0.78638683392932,1.282061852356,0.779993569079633,3,"Background",0.924
929897.1856,4151.7643,1244.5791,951.311,0.677921514576404,1.30827783973905,0.76436363104603,5,"Background",0.818
970484.5159,4035.2763,1244.6564,992.7714,0.74894844116915,1.25371903340487,0.797626879193326,4,"Background",0.936
924603.186,3994.264,1245.1926,945.4291,0.728268821556091,1.31706608142271,0.759263346087987,3,"Background",0.934
954807.7109,3989.0675,1245.2139,976.2973,0.754020253237462,1.27544539967487,0.784039834441296,3,"Background",0.924
941059.7274,3972.7692,1245.4813,962.0332,0.749273515251121,1.29463442633789,0.77241882314893,3,"Background",0.92
969992.0508,4202.3696,1246.3451,990.9232,0.690223190680209,1.25776155003738,0.795063261371188,4,"Background",0.826
903016.8,3959.0464,1246.7037,922.2373,0.723976568919428,1.35182528401313,0.739740565460743,6,"Background",0.862
955259.1372,4047.7115,1246.8389,975.4859,0.732675995649674,1.27817213964856,0.782367232847804,3,"Background",0.926
917175.1711,4308.6207,1246.9961,936.4774,0.620848485755007,1.33158162706329,0.750986630992671,1,"Background",0.748
940074.7972,3946.8779,1247.0042,959.8527,0.758341618329657,1.29916204851015,0.769726918321526,3,"Background",0.924
938679.4795,4030.236,1247.9274,957.719,0.726216700225043,1.30302040577664,0.76744768966528,3,"Background",0.918
919473.3414,3948.5886,1248.2021,937.9168,0.74108023655755,1.3308239067687,0.751414214092413,6,"Background",0.926
925752.2712,3987.4026,1248.3719,944.1933,0.731685544144531,1.32215712608848,0.756339757407228,3,"Background",0.916
937284.1618,3922.8077,1248.5704,955.8029,0.765397614303207,1.3063053062509,0.765517827428874,3,"Background",0.912
919391.2639,3947.678,1248.7996,937.3845,0.741355978234762,1.33221703580548,0.750628443506869,6,"Background",0.926
992235.0569,4100.6255,1249.2795,1011.2652,0.741522298002718,1.23536288997189,0.809478743547781,4,"Background",0.838
948036.316,3956.2043,1249.5913,965.9777,0.761162557556709,1.29360263699669,0.773034911494662,3,"Background",0.892
971264.2522,4692.723,1250.077,989.2607,0.554239442825862,1.26364769165499,0.791359812235566,1,"Background",0.736
920047.884,3922.8077,1250.1626,937.0312,0.751322260802886,1.334173931455,0.749527461467812,6,"Background",0.914
970484.5159,6280.7396,1250.7651,987.9227,0.309155444237642,1.26605563370494,0.789854705731716,1,"Background",0.5
918734.6438,3919.9656,1252.069,934.269,0.751338157424554,1.34015899061191,0.746180122660972,6,"Background",0.898
947502.8122,4052.108,1252.9584,962.8397,0.725150828748996,1.30131568110455,0.768453046805066,8,"Background",0.92
943111.6652,3957.7587,1253.4422,958.0076,0.756613970644732,1.30838440112584,0.764301377438864,3,"Background",0.93
945286.7193,4007.0763,1255.0968,958.9511,0.739806591213312,1.30882252494418,0.764045530193368,3,"Background",0.918
955833.6798,4102.4466,1255.4679,969.3639,0.713684590609431,1.29514612623804,0.772113647828033,5,"Background",0.892
941141.8049,3881.5287,1255.536,954.4123,0.78498132633643,1.31550693552462,0.760163229091002,3,"Background",0.934
960101.7105,4108.9309,1255.9256,973.3375,0.714610563749016,1.29032899687929,0.774996146268537,5,"Background",0.882
911758.0552,4951.6359,1256.021,924.2572,0.467296003727613,1.35895181557688,0.735861263466136,1,"Background",0.434
963138.5784,4022.9974,1256.535,975.9426,0.747823552562201,1.28750912195041,0.776693526244792,3,"Background",0.914
944589.0605,3961.5113,1256.8461,956.9096,0.756364222172716,1.31344287903476,0.761357814612306,3,"Background",0.928
1045462.324,4194.331,1257.0174,1058.9543,0.746780295123448,1.18703649439829,0.84243408245582,7,"Background",0.724
948036.316,3994.1078,1257.0227,960.2669,0.746784462696123,1.30903470691326,0.763921685742032,3,"Background",0.914
957270.0362,4075.2676,1257.0512,969.5978,0.724322649511983,1.29646663802249,0.771327214038696,8,"Background",0.904
936258.1929,3946.7675,1257.3606,948.082,0.755305084929584,1.32621503203309,0.754025535713462,3,"Background",0.91
945943.3394,4144.6362,1257.4958,957.7865,0.691993724283407,1.31291869325784,0.761661788452892,5,"Background",0.83
941018.6886,3884.6375,1257.844,952.5364,0.783622894699356,1.32052066461712,0.757277055024311,3,"Background",0.912
948610.8586,4168.0625,1258.1859,959.9606,0.686166499035859,1.31066410433928,0.762971990069194,5,"Background",0.792
937899.7431,4107.1098,1258.7627,948.6864,0.698704682770123,1.32684805010381,0.753665802140467,5,"Background",0.878
930676.922,4033.0781,1259.235,941.0274,0.719011016502895,1.3381491335959,0.74730086123718,6,"Background",0.902
972495.4149,4069.9606,1259.4392,983.1516,0.737763247332055,1.28102237742379,0.780626488360851,4,"Background",0.91
954889.7884,3951.2744,1259.6102,965.222,0.7685793850899,1.30499532749979,0.766286268561496,3,"Background",0.918
917462.4424,3973.0359,1260.4943,926.7392,0.730387244768297,1.36013918478899,0.735218874055995,6,"Background",0.86
901375.2498,4013.2939,1261.5695,909.7134,0.703256189191643,1.38677686840713,0.72109653887479,6,"Background",0.864
924849.4185,4087.4361,1262.1253,932.9936,0.69563101874183,1.35276951524641,0.739224227578672,6,"Background",0.84
933098.2086,4089.2572,1262.5162,941.0236,0.701210427331881,1.34164137860092,0.74535566355505,6,"Background",0.858
950416.5639,4143.3485,1262.8362,958.2462,0.69569828590094,1.31786194403902,0.758804823618455,5,"Background",0.856
923372.0233,3821.2199,1263.2223,930.6942,0.794662125320129,1.35729039678124,0.736762009347048,6,"Background",0.878
952304.3467,4097.7835,1263.3926,959.7266,0.712668579552745,1.31640886060676,0.75964241044312,8,"Background",0.912
969499.5857,4117.08,1264.0315,976.562,0.718751691766112,1.29436891871689,0.772577265677319,5,"Background",0.89
972126.0661,3961.2446,1264.3764,978.9406,0.778518849073534,1.29157622025279,0.774247763561547,3,"Background",0.908
1032206.806,4533.4474,1264.6195,1039.2426,0.631130865780254,1.21686649488772,0.821782836655611,1,"Background",0.598
967899.0742,4163.666,1265.9742,973.4538,0.701597722021735,1.30049746582735,0.76893652335095,5,"Background",0.858
952714.7343,4101.1589,1266.0324,958.1383,0.711802572241563,1.32134619814279,0.756803933295862,8,"Background",0.904
904822.5053,3956.8482,1266.081,909.9385,0.72623049172293,1.39139183582187,0.718704806406541,6,"Background",0.906
964615.9737,3998.3938,1266.2372,969.9504,0.758216415474452,1.30546592897946,0.76601003350715,8,"Background",0.924
955218.0984,4056.1273,1267.315,959.6836,0.729607438388938,1.32055502459352,0.757257351171571,8,"Background",0.912
982590.9491,4045.2466,1268.3764,986.3584,0.754557986811739,1.28591838423032,0.777654330370701,4,"Background",0.908
984109.3831,3979.364,1268.7658,987.5794,0.780954808450857,1.28472282836195,0.778378011134915,4,"Background",0.928
1001304.622,4185.2713,1269.8456,1003.9808,0.718338021620678,1.26481064179713,0.790632183944253,4,"Background",0.898
959896.5167,4019.3553,1270.3972,962.0442,0.746657588050251,1.32051853750587,0.757278274857659,8,"Background",0.916
961538.0669,4257.1048,1270.7119,963.4507,0.66672641725247,1.31891740802098,0.758197589870686,5,"Background",0.79
979430.9648,4156.8046,1271.3352,980.8981,0.71230250916443,1.29609303963378,0.771549548852262,5,"Background",0.872
970525.5546,3980.0078,1271.8737,971.5678,0.76992601238586,1.30909412600953,0.763887011737093,8,"Background",0.938
985709.8946,3995.0641,1271.9359,986.7202,0.776088907735221,1.28905428306829,0.775762520737091,4,"Background",0.908
960676.253,3997.4833,1272.0139,961.6019,0.755463703418185,1.32280718247333,0.755968075506093,8,"Background",0.92
982631.9878,4058.2151,1272.1106,983.5041,0.749774449728775,1.29344717525834,0.773127823948641,4,"Background",0.898
960388.9818,4661.3037,1272.1302,961.2265,0.555446498894462,1.32344478642651,0.755603868220407,1,"Background",0.72
968063.2292,3977.1657,1272.8878,968.3307,0.769070614491208,1.31451765393785,0.760735313827346,8,"Background",0.942
913071.2954,3953.6289,1272.9165,913.303,0.734045107902215,1.3937504858738,0.717488539114702,6,"Background",0.896
942455.0451,4018.4447,1273.1611,942.5131,0.733422983330745,1.35081528309792,0.740293667470676,6,"Background",0.886
974054.8877,4095.8519,1273.8089,973.6195,0.729633564870757,1.30832311801479,0.764337178049235,8,"Background",0.894
978281.8796,4064.9203,1274.4399,977.3605,0.743994634492506,1.30396092332358,0.766894146989591,8,"Background",0.904
1020798.032,4078.3764,1274.5555,1019.744,0.771214307652551,1.24987791053441,0.800078144890513,4,"Background",0.82
944712.1767,4055.8606,1274.7506,943.5923,0.721677785945243,1.35095485624459,0.740217184443765,6,"Background",0.88
924849.4185,3880.8849,1274.8492,923.6817,0.771648234303133,1.38018237234753,0.724541930135737,6,"Background",0.884
936011.9603,4054.3062,1275.1041,934.6433,0.715579962616872,1.364268165192,0.732993721845926,6,"Background",0.876
976599.2906,4050.9307,1275.3109,975.0131,0.747853690439056,1.30799360541925,0.764529731534483,8,"Background",0.922
1014601.179,4122.4975,1275.3434,1012.9275,0.750212722330409,1.25906681376505,0.794239026132099,4,"Background",0.844
990921.8167,5133.3168,1276.4101,988.4604,0.472555823492471,1.29131131606284,0.774406595497795,1,"Background",0.542
937940.7819,3959.6902,1276.5618,935.4998,0.751731702661868,1.36457730936981,0.732827662554214,6,"Background",0.884
951729.8041,3990.7781,1276.8384,949.0473,0.750945420541253,1.34538963442602,0.743279102508195,6,"Background",0.886
1055106.432,4241.8275,1276.9261,1052.0603,0.736885698649343,1.21373850909496,0.823900694018237,7,"Background",0.65
942414.0064,3938.085,1277.4395,939.3155,0.763627261994732,1.3599685089834,0.735311143893703,6,"Background",0.862
939951.681,4050.5536,1277.5977,936.7453,0.719923957213029,1.36386881257904,0.733208348762682,6,"Background",0.866
944999.448,3949.3429,1277.6454,941.7407,0.761362939832371,1.35668491337371,0.737090823478878,6,"Background",0.866
910362.7375,3950.8973,1277.6731,907.2037,0.732879975552312,1.4083640752347,0.710043672360324,6,"Background",0.854
963302.7335,4094.2975,1278.1385,959.6105,0.722127467097258,1.33193467557931,0.750787571143503,8,"Background",0.894
1024122.171,4094.6747,1278.2474,1020.11,0.767578536143391,1.25304859279882,0.798053647517687,4,"Background",0.786
980210.7012,4113.0607,1278.5791,976.1172,0.728113470630816,1.30986227883291,0.763439039477495,8,"Background",0.904
947502.8122,4096.4958,1278.9134,943.2993,0.709521146732051,1.35578750031936,0.737578713304591,6,"Background",0.816
954192.1295,3977.1657,1278.9656,949.9201,0.758050822758427,1.34639281766961,0.742725293002408,6,"Background",0.894
968555.6943,4109.3081,1279.5421,963.785,0.720770584697445,1.32762192812712,0.753226486256294,8,"Background",0.9
926244.7363,3990.2447,1281.5712,920.2231,0.731032286294729,1.39267445035883,0.718042899216212,6,"Background",0.86
1015750.264,4387.9594,1282.3333,1008.547,0.66293600491268,1.2714660794192,0.786493651845429,4,"Background",0.73
971141.136,4042.1378,1282.6025,964.0518,0.746912942135085,1.3304290288136,0.751637237569707,8,"Background",0.912
984355.6156,4330.7593,1283.0581,976.8228,0.659528844078133,1.31350138428382,0.76132390263543,5,"Background",0.79
1000894.235,4057.7922,1283.7049,992.7345,0.763868226707805,1.29309991745023,0.77333544492975,4,"Background",0.856
1017145.582,4081.2185,1284.0015,1008.6203,0.767384968206801,1.27302762000725,0.785528910986475,4,"Background",0.854
973767.6164,4176.745,1284.3022,965.3798,0.701437966039871,1.33035951239087,0.751676513518391,5,"Background",0.86
974465.2753,4041.8711,1284.3776,966.0148,0.749568475761367,1.32956306673562,0.752126788882023,8,"Background",0.918
956079.9123,4040.9605,1285.2184,947.1688,0.735757752789359,1.35690533725351,0.736971086003748,6,"Background",0.878
977502.1432,5329.6311,1285.9909,967.8096,0.432447392790976,1.32876435612955,0.752578886833492,1,"Background",0.472
932687.8211,3897.1831,1286.0859,923.3714,0.771692978522992,1.39281539367583,0.717970238224367,6,"Background",0.852
942085.6963,3970.0376,1286.1693,932.615,0.751122954011467,1.3790999501402,0.725110605578908,6,"Background",0.882
967119.3378,4012.4938,1286.3548,957.2589,0.754850909269057,1.34378985664171,0.744163974045108,8,"Background",0.914
980210.7012,4059.3466,1286.5579,970.0636,0.747510048023206,1.32626139152113,0.753999178738866,8,"Background",0.924
1033889.395,4261.1241,1288.4646,1021.6725,0.71554273938647,1.26113270152617,0.792937966630981,4,"Background",0.788
961373.9119,3941.8376,1288.8391,949.7378,0.7775077761552,1.35704728189191,0.736894000189783,6,"Background",0.914
958706.3927,3999.9482,1289.2628,946.7914,0.75298574226842,1.36171790322557,0.734366492231064,6,"Background",0.88
927681.0927,4056.5045,1289.3601,916.0826,0.708442562171357,1.4074714441689,0.710493988452101,6,"Background",0.818
988582.6075,4114.9922,1289.4941,976.1212,0.733643031625146,1.32103892426473,0.756979966019232,8,"Background",0.884
987023.1348,4117.08,1289.4976,974.5787,0.731743013007655,1.32313337034762,0.755781709093526,8,"Background",0.89
959691.3229,3974.3236,1290.473,946.8753,0.763510441859541,1.36287534377547,0.733742821430592,6,"Background",0.894
937571.4331,4040.5834,1290.6913,924.8943,0.721649109071665,1.39550141026926,0.716588312015429,6,"Background",0.822
955997.8348,3976.7886,1291.1355,942.7471,0.759629395486675,1.36954597897994,0.730168986911134,6,"Background",0.876
985956.1271,4054.9501,1292.1585,971.5204,0.753522848938608,1.33003743410843,0.751858537478181,8,"Background",0.914
934657.6814,4171.7047,1292.2464,920.9104,0.674893625501616,1.40322706747584,0.712643037736456,6,"Background",0.628
1021536.729,4433.5244,1293.4386,1005.5838,0.653078887491697,1.28625640150527,0.777449969407129,4,"Background",0.77
984027.3055,4142.0608,1294.0186,968.226,0.72074904362334,1.33648404401452,0.748231903312673,8,"Background",0.894
996872.4364,4306.312,1294.1955,980.7308,0.675520398512951,1.31962359089773,0.757791848294945,5,"Background",0.772
965724.0201,3948.699,1294.7,949.7166,0.778313992230165,1.36324878390038,0.733541824360856,6,"Background",0.92
990880.7779,4022.8412,1294.8312,974.3576,0.769423575225966,1.32890757972227,0.752497777316456,8,"Background",0.922
948857.0911,4106.466,1297.063,931.4292,0.707089207954169,1.39255136085491,0.718106368002171,6,"Background",0.776
958131.8501,3930.5797,1297.1138,940.4968,0.77933095634035,1.37917938689425,0.725068841299815,6,"Background",0.898
990347.2741,4073.9799,1297.1445,972.0962,0.749824472426471,1.33437873741303,0.749412420898365,8,"Background",0.892
998555.0254,4194.331,1297.3075,980.0296,0.71327411753311,1.32374318081821,0.755433542163288,5,"Background",0.898
986407.5534,4043.9589,1297.5231,967.9466,0.757971344265751,1.34049037415907,0.745995658959752,8,"Background",0.904
965354.6713,4091.8326,1298.3911,946.6544,0.724537803748482,1.37155766666272,0.729098035253014,6,"Background",0.876
963590.0048,4069.9606,1298.4195,944.9033,0.731007344760652,1.37412950087062,0.727733448242267,6,"Background",0.886
977173.8332,4101.1589,1298.8389,957.9143,0.730076719669883,1.35590302806838,0.737515868981134,8,"Background",0.88
996338.9325,4145.1695,1299.176,976.4482,0.728672495649964,1.33051195137643,0.751590392679668,8,"Background",0.896
1014231.83,4740.532,1299.1795,993.9813,0.567143468615279,1.30704621907877,0.76508388563705,1,"Background",0.816
995025.6923,4144.9029,1299.5582,974.8744,0.727805673242195,1.33305192956139,0.750158323036244,8,"Background",0.88
958172.8889,4008.0974,1299.6434,938.7064,0.749509616091515,1.38450467579639,0.722279973106469,6,"Background",0.872
951688.7654,4066.4747,1299.7402,932.2846,0.723217051848065,1.39414530713046,0.717285346717752,6,"Background",0.824
1016899.35,4104.9116,1300.4789,995.5998,0.758368378193152,1.30622655810096,0.765563978008409,4,"Background",0.912
990593.5066,4321.433,1300.7374,969.6522,0.66657615333306,1.34144737669857,0.74546345788166,5,"Background",0.774
971961.9111,4007.4535,1300.756,951.4008,0.760540116270074,1.36720086844577,0.731421419543711,6,"Background",0.88
991496.3592,4126.7835,1301.1906,970.1979,0.731606603767469,1.34115998395791,0.745623200782422,8,"Background",0.872
980949.3988,4026.8605,1301.2994,959.7972,0.760192008219886,1.35580662248233,0.737568310567115,8,"Background",0.892
965354.6713,4124.3186,1301.4208,944.4506,0.713168829059241,1.37796598360994,0.725707319262148,6,"Background",0.864
988992.9951,4129.2485,1302.8543,966.5125,0.728888402603743,1.34799529235266,0.741842353362153,8,"Background",0.876
981441.8639,4083.6835,1303.2924,958.8106,0.739554684641337,1.35928034170669,0.735683412256528,8,"Background",0.888
989813.7702,4227.9942,1303.4299,966.8875,0.695816286346896,1.34806779485721,0.741802455199163,5,"Background",0.826
986448.5922,4168.0625,1303.4963,963.5512,0.713535978270032,1.35280439690179,0.739205166903811,5,"Background",0.85
985915.0884,4112.9502,1304.6553,962.1745,0.732390116601667,1.35594458177805,0.737493267378748,8,"Background",0.878
926696.1626,3962.4219,1305.5737,903.7454,0.741695762992043,1.44462555494058,0.692220898751254,6,"Background",0.954
1017638.047,4182.9626,1305.7967,992.2655,0.730861755479181,1.31597510948431,0.759892791887129,4,"Background",0.932
1009840.683,4255.5504,1306.1088,984.4272,0.700730869779643,1.32677032897913,0.753709951268991,5,"Background",0.878
1012467.164,4645.3826,1306.3692,986.7909,0.589586910971435,1.32385614824782,0.755369079430225,1,"Background",0.852
989239.2276,4183.9836,1306.6574,963.9393,0.710119186027894,1.35553908840526,0.737713879705575,5,"Background",0.832
944999.448,4098.3168,1306.8073,920.7254,0.707017829899415,1.41932361157844,0.704560955544096,6,"Background",0.846
1011933.66,4103.7343,1307.4227,985.4762,0.755098204664637,1.32669129908972,0.753754849139456,8,"Background",0.926
996092.7,4124.9624,1307.4565,970.0244,0.735647278968806,1.34785939405236,0.74191714982487,8,"Background",0.896
981770.1739,4010.0289,1307.499,956.0455,0.767228439875195,1.36761168793745,0.73120170646402,6,"Background",0.914
933877.945,3995.2851,1308.1499,908.9557,0.735198194344691,1.43917893908361,0.694840629502781,6,"Background",0.926
1011523.273,4062.4553,1308.2365,984.4638,0.770208935371672,1.3288822808924,0.752512103125085,8,"Background",0.942
1011400.156,4135.1993,1308.9479,983.8089,0.74325867878472,1.33048999658369,0.751602794885877,8,"Background",0.92
959157.8191,4143.3485,1309.1034,932.881,0.702096823647703,1.40329088061607,0.712610631062451,6,"Background",0.75
994615.3047,4284.9276,1310.7706,966.1367,0.68073491328797,1.3567133926286,0.737075350942415,5,"Background",0.782
981154.5926,4130.2695,1311.9489,952.2054,0.722754034263279,1.37780031493205,0.725794579346802,6,"Background",0.878
1010004.839,4194.5977,1312.0239,980.1484,0.721361051607478,1.33859719609806,0.747050720646171,8,"Background",0.926
1000442.808,4117.7239,1313.064,970.1,0.741459927358775,1.35353468714566,0.738806333887762,8,"Background",0.912
975450.2054,4058.5922,1313.4249,945.6055,0.744156253624023,1.38897764448282,0.7199539920402,6,"Background",0.888
1082274.089,4196.5292,1313.8179,1048.8472,0.772265486942733,1.25263041175111,0.798320071602008,7,"Background",0.73
986982.096,4089.3676,1314.9272,955.6914,0.741663378378258,1.37589100414632,0.726801757542167,6,"Background",0.896
972659.57,4226.1731,1315.1536,941.6608,0.684346681224046,1.39663199317631,0.71600822900078,6,"Background",0.726
985956.1271,4878.8461,1315.8731,954.0117,0.520514960796001,1.3793049917522,0.725002813721171,1,"Background",0.596
1043287.27,4234.3223,1315.9626,1009.4167,0.731216442817329,1.3036861783642,0.76705576587055,4,"Background",0.882
1007911.862,4026.8605,1316.8126,974.5603,0.781086713972941,1.35118637605082,0.740090351504838,8,"Background",0.94
1037459.767,4153.052,1317.3631,1002.7113,0.755868748678823,1.31380099137209,0.761150285748857,4,"Background",0.936
1065612.354,4312.3733,1319.749,1028.059,0.720072812756356,1.28372885213786,0.778980700117977,4,"Background",0.77
1116869.761,4413.0506,1320.1521,1077.181,0.720666911610716,1.22556199932973,0.815952192175432,7,"Background",0.584
1003479.676,4104.6449,1321.2228,967.036,0.748457702133553,1.36626020127482,0.731925001597005,8,"Background",0.914
1007419.397,4147.1011,1321.2887,970.7842,0.736090015220734,1.36105295079998,0.734725272379912,8,"Background",0.894
970484.5159,3988.4236,1321.5163,935.0314,0.766647846156259,1.41333895310895,0.707544356433591,6,"Background",0.888
1035407.829,4168.3292,1322.1452,997.1085,0.748854229654391,1.32597926905648,0.754159603650189,4,"Background",0.926
1047144.913,4301.7592,1322.1518,1008.4064,0.711089816109808,1.31112991746185,0.762700924356795,4,"Background",0.878
949185.4012,3964.3534,1322.6072,913.7561,0.75895528420754,1.44744007728102,0.690874887116901,6,"Background",0.922
984109.3831,4111.5063,1322.8414,947.2088,0.731562299855539,1.39656789506179,0.716041091547331,6,"Background",0.838
988787.8013,4238.3416,1323.319,951.3683,0.691705215302444,1.39096394109411,0.718925897686046,6,"Background",0.746
946271.6495,4010.2956,1323.3734,910.4237,0.739388891036375,1.45357969042326,0.687956777731818,6,"Background",0.924
978692.2672,4053.3957,1323.5261,941.5074,0.74854517624805,1.40575220120415,0.71136292665479,6,"Background",0.846
1009676.528,4063.3659,1323.5514,971.296,0.768458220944258,1.36266534609429,0.733855897096252,8,"Background",0.932
980539.0112,4131.4467,1324.3784,942.677,0.721889013726924,1.40491218094851,0.711788262327444,6,"Background",0.814
1008199.133,4051.1974,1324.5073,969.1747,0.771950358259357,1.36663420949804,0.731724694911081,8,"Background",0.932
980703.1663,4237.9644,1324.571,942.6977,0.686171748565233,1.40508563880022,0.711700392051464,6,"Background",0.692
982385.7553,4040.5834,1324.84,944.1234,0.756142710889663,1.40324877023491,0.712632015941548,6,"Background",0.844
1004464.606,4023.3746,1324.9262,965.2794,0.779764685347313,1.37258310909774,0.728553333763043,8,"Background",0.928
990921.8167,4669.0757,1325.1245,952.1225,0.571198980673403,1.39175841343945,0.718515505524198,1,"Background",0.714
1018212.59,4167.152,1325.3138,978.205,0.736833975120535,1.35484259434372,0.738093121795004,8,"Background",0.912
992399.2119,4027.1272,1325.4008,953.3433,0.768963241775953,1.39026602484121,0.719286799887249,6,"Background",0.884
1023834.899,4244.9363,1326.6071,982.6474,0.713998727840045,1.35003369469049,0.740722253031813,5,"Background",0.918
1013985.598,4088.0799,1327.0067,972.9013,0.762435132265003,1.36396847244422,0.733154776083648,8,"Background",0.914
1017966.357,4204.945,1327.3826,976.4442,0.723473536289354,1.35940445956871,0.735616242069167,8,"Background",0.908
1003438.637,4374.8804,1327.5242,962.4064,0.6588223346656,1.37938006231048,0.724963356600204,5,"Background",0.808
1047350.107,4178.5661,1327.9299,1004.2153,0.753784481629765,1.32235577370709,0.75622613814178,4,"Background",0.93
1012303.009,4130.5362,1328.3434,970.3095,0.745602793417157,1.36898937916201,0.730465856946329,8,"Background",0.914
1034956.403,4062.0782,1329.8217,990.9204,0.788198057222755,1.34200658297074,0.745152827630952,8,"Background",0.926
1076364.508,4872.8952,1330.1972,1030.2757,0.569632933837584,1.2911080014796,0.774528543587372,1,"Background",0.708
1029949.674,4471.9613,1330.4767,985.6412,0.647187015435884,1.3498590562164,0.740818084225,5,"Background",0.848
1008117.056,4240.1627,1331.9333,963.6927,0.70462132689982,1.38211413244077,0.723529248799471,5,"Background",0.87
1027815.659,4165.8643,1332.0898,982.4079,0.744243166905963,1.355943697114,0.73749374854458,8,"Background",0.92
1017268.698,4135.3098,1332.5921,971.9604,0.747531407023727,1.37103538374609,0.729375778229512,8,"Background",0.918
1012015.738,4277.689,1333.0622,966.6004,0.694990257227163,1.37912440342462,0.725097748627183,5,"Background",0.856
937407.2781,4054.9501,1333.1784,895.2621,0.716419101615924,1.48914870851787,0.671524606159236,6,"Background",0.962
1027159.039,4134.0221,1333.287,980.8987,0.755269537184855,1.35925045063267,0.735699590560772,8,"Background",0.906
948528.7811,4148.0116,1333.3733,905.7511,0.692756250131808,1.47211888564088,0.679292963193428,6,"Background",0.88
980292.7787,4131.8239,1334.2254,935.4848,0.721575967885889,1.42623952842419,0.701144499272761,6,"Background",0.84
970648.6709,4908.0024,1334.8024,925.8811,0.506363502701861,1.44165638546893,0.693646565214447,1,"RedDot",0.432
1049278.929,4267.9855,1335.0143,1000.7259,0.723860611146399,1.33404591606953,0.74959938631369,4,"Background",0.898
1014231.83,4258.0153,1336.3692,966.3198,0.702963320502877,1.38294713613444,0.723093438549766,5,"Background",0.858
989321.3051,4039.2957,1336.5409,942.465,0.761966593681045,1.41813319327508,0.705152382542128,6,"Background",0.856
961661.1832,4090.5449,1336.6936,916.0103,0.722220185201193,1.45925608041744,0.68528068062868,6,"Background",0.92
1030893.566,4199.2608,1336.8937,981.8091,0.734645795597355,1.36166358612891,0.73439578629176,8,"Background",0.896
1011318.079,4098.4273,1336.9598,963.1181,0.756594471540413,1.38815769322578,0.720379251492827,8,"Background",0.902
1060523.548,4204.3012,1338.6694,1008.6886,0.753949984571853,1.32713842507985,0.753500901716286,4,"Background",0.91
1038485.736,4130.5362,1340.0462,986.7131,0.764887448522315,1.3580910195679,0.736327672881726,8,"Background",0.884
1030483.178,4271.2048,1340.169,979.0197,0.709822855091333,1.36888869549816,0.730519583724142,5,"Background",0.88
1065243.005,4210.8959,1340.6564,1011.6757,0.754934972939966,1.32518394975781,0.754612218313357,4,"Background",0.902
1046077.906,4374.8804,1340.8491,993.3316,0.686817771272467,1.34985044269205,0.740822811455816,5,"Background",0.846
1010579.381,4302.4031,1341.2198,959.3577,0.686053685058979,1.39803933402525,0.715287456985052,6,"Background",0.716
1037582.883,4350.1663,1342.1627,984.3006,0.689002730918077,1.3635699297552,0.733369061738938,5,"Background",0.844
1036680.03,4366.998,1342.9388,982.8758,0.683106803219952,1.36633621460616,0.731884282440868,5,"Background",0.838
1035736.139,4164.3099,1343.155,981.8228,0.750538389778534,1.36802180597151,0.73098250015821,8,"Background",0.904
992070.9018,4040.8501,1343.386,940.2688,0.763496579047036,1.42872548786049,0.699924519088334,6,"Background",0.844
1004587.723,4270.8276,1345.5059,950.6319,0.692107649129509,1.41538054845414,0.706523769238024,6,"Background",0.738
1026953.845,4122.387,1346.8684,970.8136,0.759387194698622,1.38736045724947,0.720793211868361,8,"Background",0.894
1031221.876,4151.4976,1347.0497,974.7172,0.751886693648538,1.38199028395108,0.723594088621971,8,"Background",0.904
1006967.971,4563.2018,1347.9389,951.1643,0.607695710363984,1.41714622804914,0.70564348280178,1,"Background",0.726
1015298.838,4257.1048,1348.4825,958.647,0.70400390790845,1.40665177067263,0.71090800214315,6,"Background",0.784
1041440.526,4183.0731,1349.4168,982.6491,0.74791704263536,1.37324381612928,0.728202805834343,8,"Background",0.908
994245.9559,4101.1589,1349.4234,938.1142,0.742831829267734,1.43844256914563,0.695196333485843,6,"Background",0.818
1030606.294,4431.1699,1350.1985,971.8635,0.659577527374676,1.38928820765468,0.719793052651147,5,"Background",0.806
952919.9281,4091.1887,1350.4137,898.4619,0.715430170725983,1.50302834210332,0.665323448658733,6,"Background",0.926
1065899.625,4798.4864,1350.5605,1004.8758,0.581724877646339,1.34400738877382,0.744043528594239,1,"Background",0.85
991947.7856,4129.3589,1352.2828,933.9667,0.731026994746992,1.44789187880039,0.690659305878918,6,"Background",0.832
1024532.558,4131.4467,1352.4731,964.5111,0.754277789438086,1.4022369467806,0.713146235588715,6,"Background",0.866
1017186.621,4243.2715,1353.6545,956.7598,0.709919102798476,1.41483212400855,0.706797635585742,6,"Background",0.84
987720.7936,4023.3746,1353.6623,929.0391,0.76676648358927,1.45705632841503,0.686315264892876,6,"Background",0.888
1066310.013,4525.1421,1355.5246,1001.5813,0.654378328678324,1.35338449310106,0.738888324121894,5,"Background",0.836
1012754.435,4118.101,1357.5614,949.8495,0.750447007254773,1.42923842145519,0.699673326009417,6,"Background",0.874
1036392.759,4085.5045,1359.3686,970.7273,0.780266295847857,1.40036094585987,0.714101605701353,8,"Background",0.886
1001099.428,4168.0625,1360.1964,937.0995,0.724133487899715,1.45149623919338,0.688944258343869,6,"Background",0.848
1006311.35,4216.2029,1361.9947,940.7345,0.711376033863637,1.44779924622728,0.690703495395393,6,"Background",0.84
1041112.216,4150.587,1362.3773,972.9942,0.759431073977693,1.40019056639803,0.714188499764346,8,"Background",0.874
1025148.14,4136.2204,1362.7235,957.8313,0.752989894170123,1.42271765393342,0.702880151402687,6,"Background",0.916
1020798.032,4221.51,1363.0615,953.5303,0.719803648035991,1.42948944569459,0.699550460489127,6,"Background",0.866
1043820.774,4286.7487,1367.2766,972.03,0.713805270412552,1.40661975453433,0.710924183153577,6,"Background",0.85
1000196.576,4128.9818,1367.5709,931.2057,0.737240678891358,1.46860237217191,0.680919504794962,6,"Background",0.9
1168004.051,4571.9948,1369.35,1086.0255,0.702170787536398,1.26088199586474,0.793095629313178,7,"Background",0.54
1021413.613,4089.2572,1369.4139,949.6794,0.76757823501659,1.4419749443865,0.693493325867366,6,"Background",0.908
1034340.821,4140.6168,1370.9413,960.6273,0.758129592472857,1.4271313130493,0.700706368682598,6,"Background",0.908
1036803.147,4254.9065,1375.7972,959.5155,0.719657952092421,1.43384572734885,0.697425100152842,6,"Background",0.858
1074805.035,4287.3925,1376.1241,994.4483,0.734772795539037,1.38380657898455,0.722644345811544,8,"Background",0.888
1155282.037,4581.6983,1376.4846,1068.6286,0.69158395484316,1.28808512143508,0.776346208304837,7,"Background",0.654
1039224.433,4263.589,1377.5447,960.5363,0.718403677294899,1.43414121881703,0.697281402193337,6,"Background",0.856
1151014.006,4493.9437,1378.1171,1063.4195,0.716201486017916,1.295929875275,0.771646690981485,7,"Background",0.728
1038403.658,4260.8574,1381.3312,957.1467,0.718756977844318,1.4431760565021,0.692916152187108,6,"Background",0.866
1048745.425,4229.9258,1383.2878,965.3119,0.736570709924786,1.43299569807437,0.697838801151864,6,"Background",0.876
1039142.356,4172.7257,1383.7819,956.1313,0.749972325466616,1.4472718338998,0.690955200382372,6,"Background",0.894
1098402.32,4439.5858,1383.9932,1010.503,0.700303663498813,1.36960820502265,0.730135812806017,4,"Background",0.856
1054080.463,4286.7487,1388.3488,966.6857,0.720821245054377,1.43619461837493,0.696284463961794,6,"Background",0.844
1085434.073,4178.4099,1390.1242,994.1684,0.781252159564339,1.3982784003193,0.715165162940117,8,"Background",0.854
1119208.97,4518.2806,1393.0111,1022.979,0.688929289794481,1.36172013306236,0.734365289695107,4,"Background",0.858
1153230.099,4576.9246,1393.3693,1053.804,0.691796430722376,1.32222813730067,0.756299137637093,7,"Background",0.852
1032083.69,4249.8662,1395.2296,941.8448,0.718082370424904,1.48137952240114,0.67504645830335,6,"Background",0.886
1062534.447,4332.047,1395.4208,969.5003,0.711486334545841,1.4393196165076,0.69477271658843,6,"Background",0.842
1021947.117,4175.5678,1396.056,932.0425,0.73655843457953,1.49784586003321,0.667625439094134,6,"Background",0.904
1024573.597,4090.5449,1396.5676,934.0956,0.769468234659628,1.49510135793381,0.668850974345961,6,"Background",0.922
1144981.309,4378.633,1396.588,1043.8551,0.75046625624994,1.33791366253803,0.747432385213105,7,"Background",0.844
1061713.672,4262.6785,1398.4339,966.6641,0.734263799004832,1.44665959975135,0.691247616351406,6,"Background",0.878
1051864.37,4293.8768,1405.1451,953.1224,0.716919592818551,1.47425461829457,0.678308880698513,6,"Background",0.846
1057938.106,4315.8592,1405.4747,958.4012,0.713732690081643,1.4664784434744,0.681905693499855,6,"Background",0.842
1024901.907,4180.4977,1405.547,928.4255,0.736946885156852,1.51390391582308,0.660543902124938,6,"Background",0.912
1029457.209,4167.6854,1417.3093,924.8127,0.74478051499197,1.53253658821943,0.652512969469685,6,"Background",0.9
1198044.421,6284.2255,1417.6715,1075.988,0.381223148464221,1.31755326267579,0.758982599283403,1,"Background",0.54
1193242.887,4587.0053,1427.2092,1064.5139,0.71265647331326,1.34071448010214,0.745870962715207,7,"Background",0.856
1071645.051,4232.3907,1429.8347,954.2788,0.751777500525085,1.49834063168961,0.667404980449838,6,"Background",0.91
1073245.562,4427.0401,1430.8639,955.0165,0.688148319548379,1.49826092009929,0.66744048822533,6,"Background",0.798
1085803.422,5033.2376,1431.1453,966.0011,0.538599821961918,1.48151518668043,0.674984643418107,1,"Background",0.606
1045503.363,4256.0838,1431.178,930.1262,0.7252954572543,1.53869227638142,0.649902527847689,6,"Background",0.868
1076898.012,4323.7417,1442.5013,950.5358,0.72387729790286,1.517566513539,0.658949700773233,6,"Background",0.836
1061959.904,4362.9786,1449.2857,932.9626,0.701054559095396,1.5534231490094,0.643739602205417,6,"Background",0.742
1208468.265,5263.1046,1450.1486,1061.0427,0.548227872036558,1.36672030258537,0.731678601765364,1,"Background",0.634
1075502.694,4312.1066,1451.9391,943.1336,0.726845974473869,1.53948401371767,0.649568291121852,6,"Background",0.792
1265347.982,4763.002,1500.1996,1073.9179,0.700903636234245,1.3969406786124,0.715850010891884,7,"Background",0.786
1218563.8,4687.5722,1502.6807,1032.5039,0.696886732536127,1.45537532594308,0.687107979759106,7,"Background",0.69
1194391.972,4555.5403,1513.0592,1005.081,0.723230867965359,1.50541021071934,0.664270770106021,7,"Background",0.772
1286565.019,4770.5073,1515.0462,1081.2247,0.710415573766334,1.40123158488703,0.713657906933795,7,"Background",0.806
1255703.874,4695.4546,1518.5694,1052.8408,0.715717780770245,1.44235424766973,0.693310954375875,7,"Background",0.792
1274458.586,4680.1774,1523.6829,1064.9795,0.731157537098646,1.43071570861223,0.698950877508699,7,"Background",0.762
1225253.117,4600.1948,1530.6134,1019.2259,0.727584158307465,1.50174107624227,0.665893752138848,7,"Background",0.746
1290833.05,4725.7424,1531.4288,1073.2067,0.726339815325225,1.42696537395825,0.70078785249435,7,"Background",0.83
1216676.017,4510.5087,1542.4853,1004.3013,0.75150826577126,1.53587902355598,0.651092947206693,7,"Background",0.72
1252420.774,4714.5949,1543.9824,1032.8043,0.708062122450151,1.49494187814671,0.668922327093884,7,"Background",0.652
1243720.557,4652.9984,1553.0513,1019.6406,0.721883092763184,1.5231359951732,0.656540192844885,7,"Background",0.67
1262352.153,4606.679,1575.2694,1020.3186,0.747505662758181,1.54389952314895,0.647710543986952,7,"Background",0.604
1382308.438,7063.8443,1593.6664,1104.3778,0.348122895456196,1.4430445813018,0.69297928349371,1,"Reloader23",0.438
1366795.788,5569.6893,1687.0277,1031.553,0.553670720508213,1.6354251308464,0.6114618035021,9,"Background",0.562
1271626.912,4672.5616,1699.4228,952.7268,0.731913071484968,1.78374619040842,0.560617875669316,9,"Background",0.8
1451828.092,5172.2413,1714.9224,1077.9059,0.68197350739798,1.59097598408173,0.628545000053647,9,"Background",0.436
1394250.716,6030.8216,1722.705,1030.4812,0.481723437721832,1.67174811146482,0.598176240273291,9,"Background",0.466
1486752.074,5715.9316,1748.5102,1082.6311,0.571839789220464,1.61505631973809,0.619173454063923,9,"Reloader23",0.46
1441322.17,5015.4954,1783.3581,1029.0409,0.720017841467144,1.73302936744302,0.577024266747099,9,"Background",0.692
1449119.534,5163.1816,1794.5865,1028.1345,0.683092117773742,1.74547833965303,0.572908856719919,9,"Background",0.516
1515684.397,5354.7223,1796.0769,1074.4692,0.664270151328155,1.67159458828601,0.59823117818619,9,"Background",0.68
1528529.528,5446.6066,1803.416,1079.1654,0.647487935713339,1.67112103482932,0.59840070177929,9,"Background",0.574
1524918.117,5250.4028,1806.893,1074.544,0.695138179939041,1.68154398516952,0.594691550634155,9,"Background",0.668
1549172.023,5191.6483,1898.9354,1038.7226,0.722269009541824,1.82814487717895,0.547002599456517,9,"Background",0.662
1463893.486,5042.0305,1930.8359,965.3265,0.723616407084877,2.00018946957325,0.499952637093603,9,"Background",0.77
1652959.038,5596.2244,1934.7081,1087.8193,0.663256804266707,1.77851974128424,0.562265336047335,9,"Background",0.564
1629156.559,5535.005,1963.201,1056.5941,0.668246434466102,1.8580465289367,0.538199654543778,9,"Background",0.584
1552578.239,5389.1399,1967.8163,1004.5673,0.671775936563251,1.95886955508108,0.510498515537248,9,"Background",0.724
1665393.781,5653.1578,1979.9245,1070.9728,0.654854152665864,1.84871595244996,0.540915979371941,9,"Reloader23",0.546
1725269.327,5724.4579,2083.8635,1054.1387,0.661603865165169,1.9768399547422,0.505857845295529,9,"Background",0.642
1766143.929,5910.0477,2107.9731,1066.7708,0.635409911093506,1.97603187113858,0.506064712116108,9,"Background",0.536
1805992.561,5895.681,2168.8751,1060.2091,0.652916835769853,2.04570504063774,0.48882902477879,9,"Background",0.572
1944005.9,6789.1018,2195.8814,1127.1944,0.530008459034426,1.94809466761013,0.513322076501946,9,"Reloader23",0.69
1808988.391,5920.0179,2347.0945,981.3306,0.648633842257963,2.39174698108874,0.418104426558027,9,"Background",0.86
